method,profile,seed,trial,epoch,final_top1,final_top5,best_top1,paper_target,gap_pp,status,eligible,teacher_top1,teacher_sha256,seconds,peak_memory_bytes,config,checkpoint,identity,error
crd_kd,author_code,0,1,240,75.43,93.93,75.59,75.46,-0.029999999999986926,complete,True,79.42,22aa12e2b632b19ddde155ccf2388671842ddd304824b3095e0a7fff364beb4f,22767.420879999234,1446451200,E:\Contrastive Representation Distillation\runs\author_code_crd_kd_seed0_trial1\config.json,E:\Contrastive Representation Distillation\runs\author_code_crd_kd_seed0_trial1\resume.pt,b08450283a0e8ad5846e5d6c8aa243512ab890f028a4513a0bbf4c07b17ce64a,
crd_kd,author_code,1,1,240,75.39,93.78,75.57,75.46,-0.06999999999999318,complete,True,79.42,22aa12e2b632b19ddde155ccf2388671842ddd304824b3095e0a7fff364beb4f,22771.355633699684,1446451200,E:\Contrastive Representation Distillation\runs\author_code_crd_kd_seed1_trial1\config.json,E:\Contrastive Representation Distillation\runs\author_code_crd_kd_seed1_trial1\resume.pt,b08450283a0e8ad5846e5d6c8aa243512ab890f028a4513a0bbf4c07b17ce64a,
crd_kd,author_code,2,1,240,75.3,93.59,75.54,75.46,-0.1599999999999966,complete,True,79.42,22aa12e2b632b19ddde155ccf2388671842ddd304824b3095e0a7fff364beb4f,22752.045812199824,1446451200,E:\Contrastive Representation Distillation\runs\author_code_crd_kd_seed2_trial1\config.json,E:\Contrastive Representation Distillation\runs\author_code_crd_kd_seed2_trial1\resume.pt,b08450283a0e8ad5846e5d6c8aa243512ab890f028a4513a0bbf4c07b17ce64a,
crd_kd,author_code,3,1,240,74.92,93.72,75.28,75.46,-0.539999999999992,complete,True,79.42,22aa12e2b632b19ddde155ccf2388671842ddd304824b3095e0a7fff364beb4f,22481.544412299983,1446451200,E:\Contrastive Representation Distillation\runs\author_code_crd_kd_seed3_trial1\config.json,E:\Contrastive Representation Distillation\runs\author_code_crd_kd_seed3_trial1\resume.pt,b08450283a0e8ad5846e5d6c8aa243512ab890f028a4513a0bbf4c07b17ce64a,
crd_kd,author_code,4,1,240,75.61,93.79,75.91,75.46,0.15000000000000568,complete,True,79.42,22aa12e2b632b19ddde155ccf2388671842ddd304824b3095e0a7fff364beb4f,22457.902952300064,1446451200,E:\Contrastive Representation Distillation\runs\author_code_crd_kd_seed4_trial1\config.json,E:\Contrastive Representation Distillation\runs\author_code_crd_kd_seed4_trial1\resume.pt,b08450283a0e8ad5846e5d6c8aa243512ab890f028a4513a0bbf4c07b17ce64a,
crd,author_code,0,1,240,75.05,94.13,75.55,75.51,-0.46000000000000796,complete,True,79.42,22aa12e2b632b19ddde155ccf2388671842ddd304824b3095e0a7fff364beb4f,22748.25222779985,1446451200,E:\Contrastive Representation Distillation\runs\author_code_crd_seed0_trial1\config.json,E:\Contrastive Representation Distillation\runs\author_code_crd_seed0_trial1\resume.pt,90523443560cf18a64a442fdebc4508f1627ebf27c46fcac6634c2d9142dd1b1,
crd,author_code,1,1,240,75.56,93.88,75.56,75.51,0.04999999999999716,complete,True,79.42,22aa12e2b632b19ddde155ccf2388671842ddd304824b3095e0a7fff364beb4f,22718.61645760003,1446451200,E:\Contrastive Representation Distillation\runs\author_code_crd_seed1_trial1\config.json,E:\Contrastive Representation Distillation\runs\author_code_crd_seed1_trial1\resume.pt,90523443560cf18a64a442fdebc4508f1627ebf27c46fcac6634c2d9142dd1b1,
crd,author_code,2,1,240,75.25,93.75,75.44,75.51,-0.2600000000000051,complete,True,79.42,22aa12e2b632b19ddde155ccf2388671842ddd304824b3095e0a7fff364beb4f,22532.5447066006,1446451200,E:\Contrastive Representation Distillation\runs\author_code_crd_seed2_trial1\config.json,E:\Contrastive Representation Distillation\runs\author_code_crd_seed2_trial1\resume.pt,90523443560cf18a64a442fdebc4508f1627ebf27c46fcac6634c2d9142dd1b1,
crd,author_code,3,1,240,75.48,93.6,75.67,75.51,-0.030000000000001137,complete,True,79.42,22aa12e2b632b19ddde155ccf2388671842ddd304824b3095e0a7fff364beb4f,22454.073632399886,1446541312,E:\Contrastive Representation Distillation\runs\author_code_crd_seed3_trial1\config.json,E:\Contrastive Representation Distillation\runs\author_code_crd_seed3_trial1\resume.pt,90523443560cf18a64a442fdebc4508f1627ebf27c46fcac6634c2d9142dd1b1,
crd,author_code,4,1,240,75.3,94.0,75.67,75.51,-0.21000000000000796,complete,True,79.42,22aa12e2b632b19ddde155ccf2388671842ddd304824b3095e0a7fff364beb4f,22485.050215499992,1446451200,E:\Contrastive Representation Distillation\runs\author_code_crd_seed4_trial1\config.json,E:\Contrastive Representation Distillation\runs\author_code_crd_seed4_trial1\resume.pt,90523443560cf18a64a442fdebc4508f1627ebf27c46fcac6634c2d9142dd1b1,
kd,author_code,0,1,240,72.86,92.92,73.31,73.33,-0.46999999999999886,complete,True,79.42,22aa12e2b632b19ddde155ccf2388671842ddd304824b3095e0a7fff364beb4f,8686.542955600133,416142848,E:\Contrastive Representation Distillation\runs\author_code_kd_seed0_trial1\config.json,E:\Contrastive Representation Distillation\runs\author_code_kd_seed0_trial1\resume.pt,6cf4199033ef4a788990544a22e9df6995fa13f8058d89a5d352635bbe53c951,
kd,author_code,1,1,240,73.15,92.92,73.49,73.33,-0.1799999999999926,complete,True,79.42,22aa12e2b632b19ddde155ccf2388671842ddd304824b3095e0a7fff364beb4f,8868.75063709938,416142848,E:\Contrastive Representation Distillation\runs\author_code_kd_seed1_trial1\config.json,E:\Contrastive Representation Distillation\runs\author_code_kd_seed1_trial1\resume.pt,6cf4199033ef4a788990544a22e9df6995fa13f8058d89a5d352635bbe53c951,
kd,author_code,2,1,240,73.31,92.96,73.54,73.33,-0.01999999999999602,complete,True,79.42,22aa12e2b632b19ddde155ccf2388671842ddd304824b3095e0a7fff364beb4f,8653.033814700204,416142848,E:\Contrastive Representation Distillation\runs\author_code_kd_seed2_trial1\config.json,E:\Contrastive Representation Distillation\runs\author_code_kd_seed2_trial1\resume.pt,6cf4199033ef4a788990544a22e9df6995fa13f8058d89a5d352635bbe53c951,
kd,author_code,3,1,240,73.4,92.75,73.54,73.33,0.07000000000000739,complete,True,79.42,22aa12e2b632b19ddde155ccf2388671842ddd304824b3095e0a7fff364beb4f,8867.003316498827,416142848,E:\Contrastive Representation Distillation\runs\author_code_kd_seed3_trial1\config.json,E:\Contrastive Representation Distillation\runs\author_code_kd_seed3_trial1\resume.pt,6cf4199033ef4a788990544a22e9df6995fa13f8058d89a5d352635bbe53c951,
kd,author_code,4,1,240,73.15,92.97,73.4,73.33,-0.1799999999999926,complete,True,79.42,22aa12e2b632b19ddde155ccf2388671842ddd304824b3095e0a7fff364beb4f,8664.90844970008,416142848,E:\Contrastive Representation Distillation\runs\author_code_kd_seed4_trial1\config.json,E:\Contrastive Representation Distillation\runs\author_code_kd_seed4_trial1\resume.pt,6cf4199033ef4a788990544a22e9df6995fa13f8058d89a5d352635bbe53c951,
vanilla,author_code,0,1,240,72.22,92.69,72.69,72.5,-0.28000000000000114,complete,True,,,6800.547020999831,347317760,E:\Contrastive Representation Distillation\runs\author_code_vanilla_seed0_trial1\config.json,E:\Contrastive Representation Distillation\runs\author_code_vanilla_seed0_trial1\resume.pt,948c55d6eeb6db5fdf937dc5cb429a514137ca0f5ad9326e8ccbe71adbfdcdec,
vanilla,author_code,1,1,240,72.68,92.7,72.94,72.5,0.18000000000000682,complete,True,,,6856.907729799335,347317760,E:\Contrastive Representation Distillation\runs\author_code_vanilla_seed1_trial1\config.json,E:\Contrastive Representation Distillation\runs\author_code_vanilla_seed1_trial1\resume.pt,948c55d6eeb6db5fdf937dc5cb429a514137ca0f5ad9326e8ccbe71adbfdcdec,
vanilla,author_code,2,1,240,72.39,92.75,73.08,72.5,-0.10999999999999943,complete,True,,,6739.065088599222,347317760,E:\Contrastive Representation Distillation\runs\author_code_vanilla_seed2_trial1\config.json,E:\Contrastive Representation Distillation\runs\author_code_vanilla_seed2_trial1\resume.pt,948c55d6eeb6db5fdf937dc5cb429a514137ca0f5ad9326e8ccbe71adbfdcdec,
vanilla,author_code,3,1,240,72.29,93.0,73.03,72.5,-0.20999999999999375,complete,True,,,6948.116402901476,347317760,E:\Contrastive Representation Distillation\runs\author_code_vanilla_seed3_trial1\config.json,E:\Contrastive Representation Distillation\runs\author_code_vanilla_seed3_trial1\resume.pt,948c55d6eeb6db5fdf937dc5cb429a514137ca0f5ad9326e8ccbe71adbfdcdec,
vanilla,author_code,4,1,240,72.86,93.06,73.1,72.5,0.35999999999999943,complete,True,,,6737.148935099984,347317760,E:\Contrastive Representation Distillation\runs\author_code_vanilla_seed4_trial1\config.json,E:\Contrastive Representation Distillation\runs\author_code_vanilla_seed4_trial1\resume.pt,948c55d6eeb6db5fdf937dc5cb429a514137ca0f5ad9326e8ccbe71adbfdcdec,
crd_kd,paper_tau,0,1,240,75.43,93.61,75.53,75.46,-0.029999999999986926,complete,True,79.42,22aa12e2b632b19ddde155ccf2388671842ddd304824b3095e0a7fff364beb4f,22688.98942050019,1446451200,E:\Contrastive Representation Distillation\runs\paper_tau_crd_kd_seed0_trial1\config.json,E:\Contrastive Representation Distillation\runs\paper_tau_crd_kd_seed0_trial1\resume.pt,96cdb10740147aa497fc77bde7991d5c76a9a8d32ed8a82c28277bcb42543f45,
crd_kd,paper_tau,1,1,240,74.98,93.53,75.45,75.46,-0.47999999999998977,complete,True,79.42,22aa12e2b632b19ddde155ccf2388671842ddd304824b3095e0a7fff364beb4f,22656.123666700085,1446541312,E:\Contrastive Representation Distillation\runs\paper_tau_crd_kd_seed1_trial1\config.json,E:\Contrastive Representation Distillation\runs\paper_tau_crd_kd_seed1_trial1\resume.pt,96cdb10740147aa497fc77bde7991d5c76a9a8d32ed8a82c28277bcb42543f45,
crd_kd,paper_tau,2,1,240,74.85,93.7,75.24,75.46,-0.6099999999999994,complete,True,79.42,22aa12e2b632b19ddde155ccf2388671842ddd304824b3095e0a7fff364beb4f,22874.283434099925,1446451200,E:\Contrastive Representation Distillation\runs\paper_tau_crd_kd_seed2_trial1\config.json,E:\Contrastive Representation Distillation\runs\paper_tau_crd_kd_seed2_trial1\resume.pt,96cdb10740147aa497fc77bde7991d5c76a9a8d32ed8a82c28277bcb42543f45,
crd_kd,paper_tau,3,1,240,75.09,93.81,75.27,75.46,-0.36999999999999034,complete,True,79.42,22aa12e2b632b19ddde155ccf2388671842ddd304824b3095e0a7fff364beb4f,22771.09295649994,1446451200,E:\Contrastive Representation Distillation\runs\paper_tau_crd_kd_seed3_trial1\config.json,E:\Contrastive Representation Distillation\runs\paper_tau_crd_kd_seed3_trial1\resume.pt,96cdb10740147aa497fc77bde7991d5c76a9a8d32ed8a82c28277bcb42543f45,
crd_kd,paper_tau,4,1,240,75.22,93.71,75.39,75.46,-0.23999999999999488,complete,True,79.42,22aa12e2b632b19ddde155ccf2388671842ddd304824b3095e0a7fff364beb4f,22823.253316599985,1446541312,E:\Contrastive Representation Distillation\runs\paper_tau_crd_kd_seed4_trial1\config.json,E:\Contrastive Representation Distillation\runs\paper_tau_crd_kd_seed4_trial1\resume.pt,96cdb10740147aa497fc77bde7991d5c76a9a8d32ed8a82c28277bcb42543f45,
crd,paper_tau,0,1,240,75.02,93.72,75.37,75.51,-0.4900000000000091,complete,True,79.42,22aa12e2b632b19ddde155ccf2388671842ddd304824b3095e0a7fff364beb4f,22494.73707070008,1446451200,E:\Contrastive Representation Distillation\runs\paper_tau_crd_seed0_trial1\config.json,E:\Contrastive Representation Distillation\runs\paper_tau_crd_seed0_trial1\resume.pt,9cde9ec704ad7cfdb551e3f9bbb15fbe1129d5ab2fa67ef8e9a70c13053ddd3a,
crd,paper_tau,1,1,240,75.53,93.73,75.81,75.51,0.01999999999999602,complete,True,79.42,22aa12e2b632b19ddde155ccf2388671842ddd304824b3095e0a7fff364beb4f,22789.49055010031,1446451200,E:\Contrastive Representation Distillation\runs\paper_tau_crd_seed1_trial1\config.json,E:\Contrastive Representation Distillation\runs\paper_tau_crd_seed1_trial1\resume.pt,9cde9ec704ad7cfdb551e3f9bbb15fbe1129d5ab2fa67ef8e9a70c13053ddd3a,
crd,paper_tau,2,1,240,75.09,94.12,75.6,75.51,-0.4200000000000017,complete,True,79.42,22aa12e2b632b19ddde155ccf2388671842ddd304824b3095e0a7fff364beb4f,22999.365860099995,1446451200,E:\Contrastive Representation Distillation\runs\paper_tau_crd_seed2_trial1\config.json,E:\Contrastive Representation Distillation\runs\paper_tau_crd_seed2_trial1\resume.pt,9cde9ec704ad7cfdb551e3f9bbb15fbe1129d5ab2fa67ef8e9a70c13053ddd3a,
crd,paper_tau,3,1,240,75.18,93.92,75.48,75.51,-0.3299999999999983,complete,True,79.42,22aa12e2b632b19ddde155ccf2388671842ddd304824b3095e0a7fff364beb4f,22767.395124500123,1446451200,E:\Contrastive Representation Distillation\runs\paper_tau_crd_seed3_trial1\config.json,E:\Contrastive Representation Distillation\runs\paper_tau_crd_seed3_trial1\resume.pt,9cde9ec704ad7cfdb551e3f9bbb15fbe1129d5ab2fa67ef8e9a70c13053ddd3a,
crd,paper_tau,4,1,240,75.22,93.89,75.6,75.51,-0.29000000000000625,complete,True,79.42,22aa12e2b632b19ddde155ccf2388671842ddd304824b3095e0a7fff364beb4f,22797.467149400007,1446451200,E:\Contrastive Representation Distillation\runs\paper_tau_crd_seed4_trial1\config.json,E:\Contrastive Representation Distillation\runs\paper_tau_crd_seed4_trial1\resume.pt,9cde9ec704ad7cfdb551e3f9bbb15fbe1129d5ab2fa67ef8e9a70c13053ddd3a,
crd_kd,smoke,0,benchmark30,1,3.4,14.83,3.4,75.46,,complete,False,79.42,22aa12e2b632b19ddde155ccf2388671842ddd304824b3095e0a7fff364beb4f,5.87217079999391,1446451200,E:\Contrastive Representation Distillation\runs\smoke_crd_kd_seed0_trialbenchmark30\config.json,E:\Contrastive Representation Distillation\runs\smoke_crd_kd_seed0_trialbenchmark30\resume.pt,21ce7687ad3560875673cd44e314fedaa473b2f5e1947563f47f7e7fd19b933c,
crd_kd,smoke,0,stage_b,2,0.0,10.9375,0.0,75.46,,complete,False,79.42,22aa12e2b632b19ddde155ccf2388671842ddd304824b3095e0a7fff364beb4f,0.9187055000220425,1446451200,E:\Contrastive Representation Distillation\runs\smoke_crd_kd_seed0_trialstage_b\config.json,E:\Contrastive Representation Distillation\runs\smoke_crd_kd_seed0_trialstage_b\resume.pt,ecad753a6fb11fac5e7285dacd455ea1b4f541535bdbefe469e920e74eb5e133,
crd,smoke,0,benchmark30,1,3.8,14.99,3.8,75.51,,complete,False,79.42,22aa12e2b632b19ddde155ccf2388671842ddd304824b3095e0a7fff364beb4f,5.758908800024074,1446451200,E:\Contrastive Representation Distillation\runs\smoke_crd_seed0_trialbenchmark30\config.json,E:\Contrastive Representation Distillation\runs\smoke_crd_seed0_trialbenchmark30\resume.pt,39f5cf1a69c93e94452fe3bedfb39f008a0ba4bb1007e2c907ee2b862b2a43b2,
crd,smoke,0,stage_b,2,0.0,3.125,1.5625,75.51,,complete,False,79.42,22aa12e2b632b19ddde155ccf2388671842ddd304824b3095e0a7fff364beb4f,0.9291426999843679,1446451200,E:\Contrastive Representation Distillation\runs\smoke_crd_seed0_trialstage_b\config.json,E:\Contrastive Representation Distillation\runs\smoke_crd_seed0_trialstage_b\resume.pt,89a4d39c0b2d7ef56c13f98dbaaa986aa37c8ba133a3445d44a6f1a47edaaade,
crd,smoke,0,stage_b_resume,2,0.0,3.125,1.5625,75.51,,complete,False,79.42,22aa12e2b632b19ddde155ccf2388671842ddd304824b3095e0a7fff364beb4f,1.3412286000093445,1446541312,E:\Contrastive Representation Distillation\runs\smoke_crd_seed0_trialstage_b_resume\config.json,E:\Contrastive Representation Distillation\runs\smoke_crd_seed0_trialstage_b_resume\resume.pt,89a4d39c0b2d7ef56c13f98dbaaa986aa37c8ba133a3445d44a6f1a47edaaade,
kd,smoke,0,benchmark30,1,3.83,15.56,3.83,73.33,,complete,False,79.42,22aa12e2b632b19ddde155ccf2388671842ddd304824b3095e0a7fff364beb4f,3.4079629000043496,416142848,E:\Contrastive Representation Distillation\runs\smoke_kd_seed0_trialbenchmark30\config.json,E:\Contrastive Representation Distillation\runs\smoke_kd_seed0_trialbenchmark30\resume.pt,356a514aae9f59ec2f83a4c14310939280fb70a3765c1b08ac70f647c72aed56,
kd,smoke,0,stage_b,2,0.0,4.6875,0.0,73.33,,complete,False,79.42,22aa12e2b632b19ddde155ccf2388671842ddd304824b3095e0a7fff364beb4f,0.3822855000034906,416142848,E:\Contrastive Representation Distillation\runs\smoke_kd_seed0_trialstage_b\config.json,E:\Contrastive Representation Distillation\runs\smoke_kd_seed0_trialstage_b\resume.pt,d77e6671f3622bc9d30511d34091a8633fc15cc2ee1cddf95e074e2b05b0f80b,
vanilla,smoke,0,benchmark30,1,4.06,14.03,4.06,72.5,,complete,False,,,3.2860594000085257,347317760,E:\Contrastive Representation Distillation\runs\smoke_vanilla_seed0_trialbenchmark30\config.json,E:\Contrastive Representation Distillation\runs\smoke_vanilla_seed0_trialbenchmark30\resume.pt,f45361c0fca05a55a7528b8344c59da21629039e7b5596d4f208abc4e45ad517,
vanilla,smoke,0,stage_b,2,1.5625,6.25,1.5625,72.5,,complete,False,,,0.5398803999996744,347317760,E:\Contrastive Representation Distillation\runs\smoke_vanilla_seed0_trialstage_b\config.json,E:\Contrastive Representation Distillation\runs\smoke_vanilla_seed0_trialstage_b\resume.pt,6a0e67f041bfdf4e09b47d53e885dc8713c253262701c21c13dfa21e4c8f2879,
